﻿<?xml version="1.0" encoding="utf-8"?>
<ImportExportXml xmlns:xsi="http://www.w3.org/2001/XMLSchema-instance">
  <Entities />
  <Roles />
  <Workflows />
  <FieldSecurityProfiles />
  <Templates />
  <EntityMaps />
  <EntityRelationships />
  <OrganizationSettings />
  <optionsets />
  <CustomControls />
  <EntityDataProviders />
  <CanvasApps>
    <CanvasApp>
      <Name>ppa_mixedrealityapp_8c5e9</Name>
      <AppVersion>2023-07-05T12:12:46Z</AppVersion>
      <Status>Ready</Status>
      <CreatedByClientVersion>3.23063.15.0</CreatedByClientVersion>
      <MinClientVersion>3.23063.15.0</MinClientVersion>
      <Tags>{"primaryDeviceWidth":"640","primaryDeviceHeight":"1136","supportsPortrait":"true","supportsLandscape":"true","primaryFormFactor":"Phone","publisherVersion":"3.23063.15","minimumRequiredApiVersion":"2.2.0","hasComponent":"true","hasUnlockedComponent":"false","isUnifiedRootApp":"false","sienaVersion":"20230705T120325Z-3.23063.15.0"}</Tags>
      <IsCdsUpgraded>0</IsCdsUpgraded>
      <GalleryItemId xsi:nil="true"></GalleryItemId>
      <BackgroundColor>RGBA(0,176,240,1)</BackgroundColor>
      <DisplayName>Mixed Reality App</DisplayName>
      <Description xsi:nil="true"></Description>
      <CommitMessage xsi:nil="true"></CommitMessage>
      <Publisher></Publisher>
      <AuthorizationReferences>[]</AuthorizationReferences>
      <ConnectionReferences>{"003c10bb-0e9a-4c4b-805d-593afc9cb727":{"id":"/providers/microsoft.powerapps/apis/shared_ppa-5fsmithsonian-203d-5f23723539e10d14e7","displayName":"Smithsonian 3D","iconUri":"https://pafeblobprodam.blob.core.windows.net/20230705t000000z5d8d5770d5d243a3993d57e7b1267bcc/ppa_5Fsmithsonian-203d_iconblob.Png?sv=2018-03-28&amp;sr=c&amp;sig=C0M2%2Fii4i28MQJmuLyw%2BFo03W9gWiUepu5b%2BaRb0t6A%3D&amp;se=2023-07-12T12%3A00%3A00Z&amp;sp=rl","dataSources":["Smithsonian3D"],"dependencies":[],"dependents":[],"parameterHints":{},"parameterHintsV2":{},"isOnPremiseConnection":false,"bypassConsent":false,"dataSets":{},"apiTier":"Standard","actions":["FileSearch"],"customApiLogicalName":"ppa_5Fsmithsonian-203d","isCustomApiSolutionAware":true},"49ab81d3-17b6-4561-bc14-235efa3277a6":{"id":"/providers/microsoft.powerapps/apis/shared_excel","displayName":"Excel","iconUri":"https://connectoricons-prod.azureedge.net/releases/v1.0.1623/1.0.1623.3210/excel/icon.png","dataSources":["Coral","Occupants"],"dependencies":["3015b77a-c29f-4a3c-9f15-c361e15e7e79"],"dependents":[],"parameterHints":{"3015b77a-c29f-4a3c-9f15-c361e15e7e79":{"value":"fileSource"}},"parameterHintsV2":{"fileSource":{"value":"3015b77a-c29f-4a3c-9f15-c361e15e7e79"}},"isOnPremiseConnection":false,"bypassConsent":false,"dataSets":{"b!55MxQlHWKE2Lmi_vhxZ1PdYJGHzoJCFFsJJ3Oe0fUFH540JnYv89SK89XG_zAmWt.014CSKQQU6YRDJ22ECB5DK2TBCGTPP4RC2":{"dataSources":{"Coral":{"tableName":"Coral"},"Occupants":{"tableName":"Occupants"}}}},"apiTier":"Standard","actions":["providers/PowerPlatform.Governance/Operations/Read"],"isCustomApiSolutionAware":false},"3015b77a-c29f-4a3c-9f15-c361e15e7e79":{"id":"/providers/microsoft.powerapps/apis/shared_onedriveforbusiness","displayName":"OneDrive for Business","iconUri":"https://connectoricons-prod.azureedge.net/u/shgogna/globalperconnector-train1/1.0.1639.3312/onedriveforbusiness/icon.png","dataSources":[],"dependencies":[],"dependents":["49ab81d3-17b6-4561-bc14-235efa3277a6"],"parameterHints":{},"parameterHintsV2":{},"isOnPremiseConnection":false,"bypassConsent":false,"dataSets":{},"apiTier":"Standard","isCustomApiSolutionAware":false}}</ConnectionReferences>
      <DatabaseReferences>{}</DatabaseReferences>
      <AppComponents>[]</AppComponents>
      <AppComponentDependencies>[{"appComponentName":"2e88179d732a402184a767c94eab038b","appName":"51a2dcc8-9227-4dc9-9ac0-a086ae26b964","appComponentLibraryName":"8f9ab9f0-a310-4e4b-b003-5bf1eff5cb92","appComponentLibraryVersion":"2023-07-05T11:34:22Z","appComponentLibraryLogicalName":"cat_powercatcomponentlibrary_0be3a","environmentName":"25b8361b-1907-e67e-9f7a-261e72309e4b"},{"appComponentName":"44e7951b1fad4ad98126f8c108dd1e9f","appName":"51a2dcc8-9227-4dc9-9ac0-a086ae26b964","appComponentLibraryName":"8f9ab9f0-a310-4e4b-b003-5bf1eff5cb92","appComponentLibraryVersion":"2023-07-05T11:34:22Z","appComponentLibraryLogicalName":"cat_powercatcomponentlibrary_0be3a","environmentName":"25b8361b-1907-e67e-9f7a-261e72309e4b"},{"appComponentName":"6da4b2f929d240969e49e05e10e720ce","appName":"51a2dcc8-9227-4dc9-9ac0-a086ae26b964","appComponentLibraryName":"8f9ab9f0-a310-4e4b-b003-5bf1eff5cb92","appComponentLibraryVersion":"2023-07-05T11:34:22Z","appComponentLibraryLogicalName":"cat_powercatcomponentlibrary_0be3a","environmentName":"25b8361b-1907-e67e-9f7a-261e72309e4b"},{"appComponentName":"952d39d80fc84420b772a5058b19d909","appName":"51a2dcc8-9227-4dc9-9ac0-a086ae26b964","appComponentLibraryName":"8f9ab9f0-a310-4e4b-b003-5bf1eff5cb92","appComponentLibraryVersion":"2023-07-05T11:34:22Z","appComponentLibraryLogicalName":"cat_powercatcomponentlibrary_0be3a","environmentName":"25b8361b-1907-e67e-9f7a-261e72309e4b"}]</AppComponentDependencies>
      <CanConsumeAppPass>1</CanConsumeAppPass>
      <CanvasAppType>0</CanvasAppType>
      <BypassConsent>0</BypassConsent>
      <AdminControlBypassConsent>0</AdminControlBypassConsent>
      <EmbeddedApp xsi:nil="true"></EmbeddedApp>
      <IntroducedVersion>1.0</IntroducedVersion>
      <CdsDependencies>{"cdsdependencies":[{"logicalname":"ppa_5Fsmithsonian-203d","componenttype":372,"componenttypeplatformname":"connector"},{"logicalname":"cat_powercatcomponentlibrary_0be3a","componenttype":300,"componenttypeplatformname":"CanvasApp"}]}</CdsDependencies>
      <IsCustomizable>1</IsCustomizable>
      <BackgroundImageUri>/CanvasApps/ppa_mixedrealityapp_8c5e9_BackgroundImageUri</BackgroundImageUri>
      <DocumentUri>/CanvasApps/ppa_mixedrealityapp_8c5e9_DocumentUri.msapp</DocumentUri>
    </CanvasApp>
  </CanvasApps>
  <Connectors>
    <Connector>
      <connectorid>8fdeedcc-b21b-4f9b-9041-b3c74267bf19</connectorid>
      <description></description>
      <displayname>Smithsonian 3D</displayname>
      <iconbrandcolor>#007ee5</iconbrandcolor>
      <name>ppa_5Fsmithsonian-203d</name>
      <connectortype>1</connectortype>
      <openapidefinition>/Connector/ppa_5Fsmithsonian-203d_openapidefinition.json</openapidefinition>
      <connectionparameters>/Connector/ppa_5Fsmithsonian-203d_connectionparameters.json</connectionparameters>
      <policytemplateinstances>/Connector/ppa_5Fsmithsonian-203d_policytemplateinstances.json</policytemplateinstances>
      <iconblob>/Connector/ppa_5Fsmithsonian-203d_iconblob.Png</iconblob>
    </Connector>
  </Connectors>
  <Languages>
    <Language>1033</Language>
  </Languages>
</ImportExportXml>